[{"col":1,"row":1,"width":12,"height":43,"children":[{"id":"onews_saar","rows":[{"cols":[{"width":"100%","children":[{"id":"onews_saar/onews_dips","rows":[{"cols":[{"width":"100%","children":[{"id":"onews_saar/onews_dips/any_event","rows":[{"cols":[{"width":"100%","children":[{"id":"onews_saar/onews_dips/any_event/respiration_frequency","rows":[]},{"id":"onews_saar/onews_dips/any_event/heart_rate","rows":[]},{"id":"onews_saar/onews_dips/any_event/oxigen_saturation","rows":[]},{"id":"onews_saar/onews_dips/any_event/systolic_bp","rows":[]},{"id":"onews_saar/onews_dips/any_event/diastolic_bp","rows":[]},{"id":"onews_saar/onews_dips/any_event/temperature","rows":[]},{"id":"onews_saar/onews_dips/any_event/alertness","rows":[]},{"id":"onews_saar/onews_dips/any_event/yellow_score","rows":[]},{"id":"onews_saar/onews_dips/any_event/red_score","rows":[]},{"id":"onews_saar/onews_dips/any_event/comments","rows":[]},{"id":"onews_saar/onews_dips/any_event/time","rows":[]}]}]}]}]}]}]}]}]}]}]}]