{"name":"Form root","localizedNames":{},"localizedDescriptions":{},"rmType":"FORM_DEFINITION","min":0,"max":0,"formId":"form_root","viewConfig":{"label":{"custom":false,"useLocalizations":false},"size":{"field":"inherit","label":"inherit"},"layout":{"label":{"valign":"inherit","align":"inherit"},"field":{"valign":"inherit","align":"inherit"}},"annotations":{}},"children":[{"name":"Onews saar","localizedName":"ONEWS","localizedNames":{"en":"*Onews saar (nb)","nb":"ONEWS"},"localizedDescriptions":{"nb":"unknown","en":"*unknown (nb)"},"rmType":"COMPOSITION","nodeId":"openEHR-EHR-COMPOSITION.onews_saar.v0","min":1,"max":1,"aqlPath":"/","inputs":[],"formId":"onews_saar","viewConfig":{"multiplicity":{"min":1,"max":1},"advanced":{"hidden":false,"readonly":false,"hideFrame":false,"render":false},"label":{"custom":false,"useLocalizations":false},"size":{"field":"inherit","label":"inherit"},"layout":{"label":{"valign":"inherit","align":"inherit"},"field":{"valign":"inherit","align":"inherit"}},"annotations":{},"field":{}},"children":[{"name":"Onews dips","localizedName":"Onews dips","localizedNames":{"en":"*Onews dips (nb)","nb":"Onews dips"},"localizedDescriptions":{"nb":"unknown","en":"*unknown (nb)"},"rmType":"OBSERVATION","nodeId":"openEHR-EHR-OBSERVATION.onews_dips_saar_3.v0","min":1,"max":1,"aqlPath":"/content[openEHR-EHR-OBSERVATION.onews_dips_saar_3.v0]","inputs":[],"formId":"onews_saar/onews_dips","viewConfig":{"multiplicity":{"min":1,"max":1},"advanced":{"hidden":false,"readonly":false,"hideFrame":false,"render":false},"label":{"custom":false,"useLocalizations":false},"size":{"field":"inherit","label":"-1"},"layout":{"label":{"valign":"inherit","align":"inherit"},"field":{"valign":"inherit","align":"inherit"}},"annotations":{},"field":{},"tags":["HideLabel"]},"children":[{"name":"Any event","localizedName":"Any event","localizedNames":{"en":"*Any event (nb)","nb":"Any event"},"localizedDescriptions":{"nb":"*","en":"** (nb)"},"rmType":"EVENT","nodeId":"at0002","min":1,"max":1,"aqlPath":"/content[openEHR-EHR-OBSERVATION.onews_dips_saar_3.v0]/data[at0001]/events[at0002]","inputs":[],"formId":"onews_saar/onews_dips/any_event","viewConfig":{"multiplicity":{"min":1,"max":1},"advanced":{"hidden":false,"readonly":false,"hideFrame":false,"render":false},"label":{"custom":false,"useLocalizations":false},"size":{"field":"inherit","label":"-1"},"layout":{"label":{"valign":"inherit","align":"inherit"},"field":{"valign":"inherit","align":"inherit"}},"annotations":{},"tags":["HideLabel"]},"children":[{"name":"Respiration frequency","localizedName":"Respiration frequency","localizedNames":{"en":"*Respiration frequency (nb)","nb":"Respiration frequency"},"localizedDescriptions":{"nb":"Respirations per minute.","en":"*Respirations per minute. (nb)"},"rmType":"DV_QUANTITY","nodeId":"at0006","min":1,"max":1,"aqlPath":"/content[openEHR-EHR-OBSERVATION.onews_dips_saar_3.v0]/data[at0001]/events[at0002]/data[at0003]/items[at0006]/value","inputs":[{"suffix":"magnitude","type":"DECIMAL","defaultValue":"","listOpen":false},{"suffix":"unit","type":"CODED_TEXT","list":[{"value":"1/min","label":"1/min","validation":{"range":{"minOp":">=","min":0.0,"maxOp":"<=","max":100.0},"precision":{"minOp":">=","min":0.0,"maxOp":"<=","max":0.0}},"ordinal":0,"localizedLabels":{},"localizedDescriptions":{}}],"defaultValue":"1/min","listOpen":false}],"formId":"onews_saar/onews_dips/any_event/respiration_frequency","viewConfig":{"multiplicity":{"min":1,"max":1},"advanced":{"hidden":false,"readonly":false,"hideFrame":false,"render":false},"label":{"custom":false,"useLocalizations":false},"size":{"field":"inherit","label":"inherit"},"layout":{"label":{"valign":"inherit","align":"inherit"},"field":{"valign":"inherit","align":"inherit"}},"annotations":{},"field":{}}},{"name":"Heart Rate","localizedName":"Heart Rate","localizedNames":{"en":"*Heart Rate (nb)","nb":"Heart Rate"},"localizedDescriptions":{"nb":"Puls per minute.","en":"*Puls per minute. (nb)"},"rmType":"DV_QUANTITY","nodeId":"at0005","min":1,"max":1,"aqlPath":"/content[openEHR-EHR-OBSERVATION.onews_dips_saar_3.v0]/data[at0001]/events[at0002]/data[at0003]/items[at0005]/value","inputs":[{"suffix":"magnitude","type":"DECIMAL","defaultValue":"","listOpen":false},{"suffix":"unit","type":"CODED_TEXT","list":[{"value":"1/min","label":"1/min","validation":{"range":{"minOp":">=","min":0.0,"maxOp":"<=","max":1000.0},"precision":{"minOp":">=","min":0.0,"maxOp":"<=","max":0.0}},"ordinal":0,"localizedLabels":{},"localizedDescriptions":{}}],"defaultValue":"1/min","listOpen":false}],"formId":"onews_saar/onews_dips/any_event/heart_rate","viewConfig":{"multiplicity":{"min":1,"max":1},"advanced":{"hidden":false,"readonly":false,"hideFrame":false,"render":false},"label":{"custom":false,"useLocalizations":false},"size":{"field":"inherit","label":"inherit"},"layout":{"label":{"valign":"inherit","align":"inherit"},"field":{"valign":"inherit","align":"inherit"}},"annotations":{},"field":{}}},{"name":"Oxigen Saturation","localizedName":"Oxigen Saturation","localizedNames":{"en":"*Oxigen Saturation (nb)","nb":"Oxigen Saturation"},"localizedDescriptions":{"nb":"SpO2","en":"*SpO2 (nb)"},"rmType":"DV_QUANTITY","nodeId":"at0007","min":1,"max":1,"aqlPath":"/content[openEHR-EHR-OBSERVATION.onews_dips_saar_3.v0]/data[at0001]/events[at0002]/data[at0003]/items[at0007]/value","inputs":[{"suffix":"magnitude","type":"DECIMAL","defaultValue":"","listOpen":false},{"suffix":"unit","type":"CODED_TEXT","list":[{"value":"%","label":"%","validation":{"range":{"minOp":">=","min":0.0,"maxOp":"<=","max":100.0},"precision":{"minOp":">=","min":0.0,"maxOp":"<=","max":0.0}},"ordinal":0,"localizedLabels":{},"localizedDescriptions":{}}],"defaultValue":"%","listOpen":false}],"formId":"onews_saar/onews_dips/any_event/oxigen_saturation","viewConfig":{"multiplicity":{"min":1,"max":1},"advanced":{"hidden":false,"readonly":false,"hideFrame":false,"render":false},"label":{"custom":false,"useLocalizations":false},"size":{"field":"inherit","label":"inherit"},"layout":{"label":{"valign":"inherit","align":"inherit"},"field":{"valign":"inherit","align":"inherit"}},"annotations":{},"field":{}}},{"name":"Systolic BP","localizedName":"Systolic BP","localizedNames":{"en":"*Systolic BP (nb)","nb":"Systolic BP"},"localizedDescriptions":{"nb":"mmHg","en":"*mmHg (nb)"},"rmType":"DV_QUANTITY","nodeId":"at0008","min":1,"max":1,"aqlPath":"/content[openEHR-EHR-OBSERVATION.onews_dips_saar_3.v0]/data[at0001]/events[at0002]/data[at0003]/items[at0008]/value","inputs":[{"suffix":"magnitude","type":"DECIMAL","defaultValue":"","listOpen":false},{"suffix":"unit","type":"CODED_TEXT","list":[{"value":"mm[Hg]","label":"mm[Hg]","validation":{"range":{"minOp":">=","min":0.0,"maxOp":"<=","max":500.0},"precision":{"minOp":">=","min":0.0,"maxOp":"<=","max":0.0}},"ordinal":0,"localizedLabels":{},"localizedDescriptions":{}}],"defaultValue":"mm[Hg]","listOpen":false}],"formId":"onews_saar/onews_dips/any_event/systolic_bp","viewConfig":{"multiplicity":{"min":1,"max":1},"advanced":{"hidden":false,"readonly":false,"hideFrame":false,"render":false},"label":{"custom":false,"useLocalizations":false},"size":{"field":"inherit","label":"inherit"},"layout":{"label":{"valign":"inherit","align":"inherit"},"field":{"valign":"inherit","align":"inherit"}},"annotations":{},"field":{}}},{"name":"Diastolic BP","localizedName":"Diastolic BP","localizedNames":{"en":"*Diastolic BP (nb)","nb":"Diastolic BP"},"localizedDescriptions":{"nb":"mmHg.","en":"*mmHg. (nb)"},"rmType":"DV_QUANTITY","nodeId":"at0009","min":1,"max":1,"aqlPath":"/content[openEHR-EHR-OBSERVATION.onews_dips_saar_3.v0]/data[at0001]/events[at0002]/data[at0003]/items[at0009]/value","inputs":[{"suffix":"magnitude","type":"DECIMAL","defaultValue":"","listOpen":false},{"suffix":"unit","type":"CODED_TEXT","list":[{"value":"mm[Hg]","label":"mm[Hg]","validation":{"range":{"minOp":">=","min":0.0,"maxOp":"<=","max":500.0},"precision":{"minOp":">=","min":0.0,"maxOp":"<=","max":0.0}},"ordinal":0,"localizedLabels":{},"localizedDescriptions":{}}],"defaultValue":"mm[Hg]","listOpen":false}],"formId":"onews_saar/onews_dips/any_event/diastolic_bp","viewConfig":{"multiplicity":{"min":1,"max":1},"advanced":{"hidden":false,"readonly":false,"hideFrame":false,"render":false},"label":{"custom":false,"useLocalizations":false},"size":{"field":"inherit","label":"inherit"},"layout":{"label":{"valign":"inherit","align":"inherit"},"field":{"valign":"inherit","align":"inherit"}},"annotations":{},"field":{}}},{"name":"Temperature","localizedName":"Temperature","localizedNames":{"en":"*Temperature (nb)","nb":"Temperature"},"localizedDescriptions":{"nb":"Celsius.","en":"*Celsius. (nb)"},"rmType":"DV_QUANTITY","nodeId":"at0010","min":1,"max":1,"aqlPath":"/content[openEHR-EHR-OBSERVATION.onews_dips_saar_3.v0]/data[at0001]/events[at0002]/data[at0003]/items[at0010]/value","inputs":[{"suffix":"magnitude","type":"DECIMAL","defaultValue":"","listOpen":false},{"suffix":"unit","type":"CODED_TEXT","list":[{"value":"°C","label":"°C","validation":{"range":{"minOp":">=","min":20.0,"maxOp":"<=","max":50.0},"precision":{"minOp":">=","min":1.0,"maxOp":"<=","max":1.0}},"ordinal":0,"localizedLabels":{},"localizedDescriptions":{}}],"defaultValue":"°C","listOpen":false}],"formId":"onews_saar/onews_dips/any_event/temperature","viewConfig":{"multiplicity":{"min":1,"max":1},"advanced":{"hidden":false,"readonly":false,"hideFrame":false,"render":false},"label":{"custom":false,"useLocalizations":false},"size":{"field":"inherit","label":"inherit"},"layout":{"label":{"valign":"inherit","align":"inherit"},"field":{"valign":"inherit","align":"inherit"}},"annotations":{},"field":{}}},{"name":"Alertness","localizedName":"Alertness","localizedNames":{"en":"*Alertness (nb)","nb":"Alertness"},"localizedDescriptions":{"nb":"A = Awake, C=Confusion, V=Verbal respons, P=Pain only, U=Uresponsive.","en":"*A = Awake, C=Confusion, V=Verbal respons, P=Pain only, U=Uresponsive. (nb)"},"rmType":"DV_CODED_TEXT","nodeId":"at0011","min":1,"max":1,"aqlPath":"/content[openEHR-EHR-OBSERVATION.onews_dips_saar_3.v0]/data[at0001]/events[at0002]/data[at0003]/items[at0011]/value","inputs":[{"suffix":"code","type":"CODED_TEXT","list":[{"value":"at0012","label":"A","ordinal":0,"localizedLabels":{"nb":"A","en":"*A (nb)"},"localizedDescriptions":{"nb":"Alert and awake","en":"*Alert and awake (nb)"}},{"value":"at0014","label":"C","ordinal":0,"localizedLabels":{"nb":"C","en":"*C (nb)"},"localizedDescriptions":{"nb":"Confusion","en":"*Confusion (nb)"}},{"value":"at0015","label":"V","ordinal":0,"localizedLabels":{"nb":"V","en":"*V (nb)"},"localizedDescriptions":{"nb":"Verbal Response","en":"*Verbal Response (nb)"}},{"value":"at0016","label":"P","ordinal":0,"localizedLabels":{"nb":"P","en":"*P (nb)"},"localizedDescriptions":{"nb":"Pain Only","en":"*Pain Only (nb)"}},{"value":"at0017","label":"U","ordinal":0,"localizedLabels":{"nb":"U","en":"*U (nb)"},"localizedDescriptions":{"nb":"Unresponsive","en":"*Unresponsive (nb)"}}],"listOpen":false}],"formId":"onews_saar/onews_dips/any_event/alertness","viewConfig":{"multiplicity":{"min":1,"max":1},"advanced":{"hidden":false,"readonly":false,"hideFrame":false,"render":false},"label":{"custom":false,"useLocalizations":false},"size":{"field":"inherit","label":"inherit"},"layout":{"label":{"valign":"inherit","align":"inherit"},"field":{"valign":"inherit","align":"inherit"}},"annotations":{},"field":{"code":{"presentation":"combobox","columns":"5"}}}},{"name":"Yellow score","localizedName":"Yellow score","localizedNames":{"en":"*Yellow score (nb)","nb":"Yellow score"},"localizedDescriptions":{"nb":"*","en":"** (nb)"},"rmType":"DV_COUNT","nodeId":"at0020","min":0,"max":0,"aqlPath":"/content[openEHR-EHR-OBSERVATION.onews_dips_saar_3.v0]/data[at0001]/events[at0002]/data[at0003]/items[at0020]/value","inputs":[{"type":"INTEGER","validation":{"range":{"minOp":">=","min":0.0,"maxOp":"<=","max":5.0}},"defaultValue":"","listOpen":false}],"formId":"onews_saar/onews_dips/any_event/yellow_score","viewConfig":{"multiplicity":{"min":0,"max":0},"advanced":{"hidden":false,"readonly":false,"hideFrame":false,"render":false},"label":{"custom":false,"useLocalizations":false},"size":{"field":"inherit","label":"inherit"},"layout":{"label":{"valign":"inherit","align":"inherit"},"field":{"valign":"inherit","align":"inherit"}},"annotations":{},"field":{}}},{"name":"Red score","localizedName":"Red score","localizedNames":{"en":"*Red score (nb)","nb":"Red score"},"localizedDescriptions":{"nb":"Onews total score","en":"*Onews total score (nb)"},"rmType":"DV_COUNT","nodeId":"at0018","min":0,"max":0,"aqlPath":"/content[openEHR-EHR-OBSERVATION.onews_dips_saar_3.v0]/data[at0001]/events[at0002]/data[at0003]/items[at0018]/value","inputs":[{"type":"INTEGER","validation":{"range":{"minOp":">=","min":0.0,"maxOp":"<=","max":7.0}},"defaultValue":"","listOpen":false}],"formId":"onews_saar/onews_dips/any_event/red_score","viewConfig":{"multiplicity":{"min":0,"max":0},"advanced":{"hidden":false,"readonly":false,"hideFrame":false,"render":false},"label":{"custom":false,"useLocalizations":false},"size":{"field":"inherit","label":"inherit"},"layout":{"label":{"valign":"inherit","align":"inherit"},"field":{"valign":"inherit","align":"inherit"}},"annotations":{},"field":{}}},{"name":"Comments","localizedName":"Comments","localizedNames":{"en":"*Comments (nb)","nb":"Comments"},"localizedDescriptions":{"nb":"*","en":"** (nb)"},"rmType":"DV_TEXT","nodeId":"at0019","min":1,"max":1,"aqlPath":"/content[openEHR-EHR-OBSERVATION.onews_dips_saar_3.v0]/data[at0001]/events[at0002]/data[at0003]/items[at0019]/value","inputs":[{"type":"TEXT","list":[],"listOpen":false}],"formId":"onews_saar/onews_dips/any_event/comments","viewConfig":{"multiplicity":{"min":1,"max":1},"advanced":{"hidden":false,"readonly":false,"hideFrame":false,"render":false},"label":{"custom":false,"useLocalizations":false},"size":{"field":"inherit","label":"inherit"},"layout":{"label":{"valign":"inherit","align":"inherit"},"field":{"valign":"inherit","align":"inherit"}},"datasource":{"loadRemote":false,"parameters":{}},"annotations":{},"field":{"lines":null,"input":{},"formatting":null}}},{"name":"Time","localizedName":"Time","localizedNames":{"en":"*Time (en)","nb":"Time"},"localizedDescriptions":{},"rmType":"DV_DATE_TIME","min":1,"max":1,"aqlPath":"/content[openEHR-EHR-OBSERVATION.onews_dips_saar_3.v0]/data[at0001]/events[at0002]/time","inputs":[{"type":"DATETIME","listOpen":false}],"formId":"onews_saar/onews_dips/any_event/time","viewConfig":{"multiplicity":{"min":1,"max":1},"advanced":{"hidden":false,"readonly":false,"hideFrame":false,"render":false},"label":{"custom":false,"useLocalizations":false},"size":{"field":"inherit","label":"inherit"},"layout":{"label":{"valign":"inherit","align":"inherit"},"field":{"valign":"inherit","align":"inherit"}},"annotations":{},"field":{"input":{"hideTime":false,"dateFormat":"","hideDate":false}}}}]}]}]}]}